{"cameraMode":{"drawMode":0,"name":"Shaded","section":"Shading Mode"},"sceneLighting":true,"audioPlay":false,"sceneViewState":{"showFog":true,"showMaterialUpdate":false,"showSkybox":true,"showFlares":true,"showImageEffects":true,"showParticleSystems":true,"showVisualEffectGraphs":true,"m_FxEnabled":true},"in2DMode":false,"pivot":{"x":-19.45391082763672,"y":34.63630676269531,"z":-11.751596450805664},"rotation":{"x":-0.00026582551072351635,"y":-0.9992951154708862,"z":0.04380358010530472,"w":-0.0017031325260177255},"size":14.925743103027344,"orthographic":false}