{"cameraMode":{"drawMode":0,"name":"Shaded","section":"Shading Mode"},"sceneLighting":true,"audioPlay":false,"sceneViewState":{"showFog":true,"showMaterialUpdate":false,"showSkybox":true,"showFlares":true,"showImageEffects":true,"showParticleSystems":true,"showVisualEffectGraphs":true,"m_FxEnabled":true},"in2DMode":false,"pivot":{"x":-53.42336654663086,"y":62.460819244384769,"z":56.78995132446289},"rotation":{"x":0.05815337970852852,"y":0.06185639649629593,"z":-0.004085020162165165,"w":0.9967277646064758},"size":3.917341947555542,"orthographic":false}