{"cameraMode":{"drawMode":0,"name":"Shaded","section":"Shading Mode"},"sceneLighting":true,"audioPlay":false,"sceneViewState":{"showFog":true,"showMaterialUpdate":false,"showSkybox":true,"showFlares":true,"showImageEffects":true,"showParticleSystems":true,"showVisualEffectGraphs":true,"m_FxEnabled":true},"in2DMode":false,"pivot":{"x":34.099998474121097,"y":46.16659927368164,"z":-52.81205368041992},"rotation":{"x":0.0020697684958577158,"y":-0.9950534105300903,"z":0.09763501584529877,"w":0.021004915237426759},"size":5.487500190734863,"orthographic":false}