{"cameraMode":{"drawMode":0,"name":"Shaded","section":"Shading Mode"},"sceneLighting":true,"audioPlay":false,"sceneViewState":{"showFog":true,"showMaterialUpdate":false,"showSkybox":true,"showFlares":true,"showImageEffects":true,"showParticleSystems":true,"showVisualEffectGraphs":true,"m_FxEnabled":true},"in2DMode":false,"pivot":{"x":4.3756489753723148,"y":28.29441261291504,"z":8.601288795471192},"rotation":{"x":-0.006424120627343655,"y":-0.07329851388931275,"z":-0.0026284975465387108,"w":-0.9980431199073792},"size":0.49992644786834719,"orthographic":false}