{"cameraMode":{"drawMode":0,"name":"Shaded","section":"Shading Mode"},"sceneLighting":true,"audioPlay":false,"sceneViewState":{"showFog":true,"showMaterialUpdate":false,"showSkybox":true,"showFlares":true,"showImageEffects":true,"showParticleSystems":true,"showVisualEffectGraphs":true,"m_FxEnabled":true},"in2DMode":false,"pivot":{"x":-11.418694496154786,"y":2.8490660190582277,"z":9.59671688079834},"rotation":{"x":0.00009246013360098004,"y":-0.1887950450181961,"z":0.0032871058210730554,"w":0.9829188585281372},"size":9.219658851623536,"orthographic":false}