{"cameraMode":{"drawMode":0,"name":"Shaded","section":"Shading Mode"},"sceneLighting":true,"audioPlay":false,"sceneViewState":{"showFog":true,"showMaterialUpdate":false,"showSkybox":true,"showFlares":true,"showImageEffects":true,"showParticleSystems":true,"showVisualEffectGraphs":true,"m_FxEnabled":true},"in2DMode":false,"pivot":{"x":-249.38816833496095,"y":38.366600036621097,"z":36.5023193359375},"rotation":{"x":-0.016705017536878587,"y":-0.8426145911216736,"z":-0.020542163401842119,"w":0.5393686294555664},"size":13.967752456665039,"orthographic":false}