{"cameraMode":{"drawMode":0,"name":"Shaded","section":"Shading Mode"},"sceneLighting":true,"audioPlay":false,"sceneViewState":{"showFog":true,"showMaterialUpdate":false,"showSkybox":true,"showFlares":true,"showImageEffects":true,"showParticleSystems":true,"showVisualEffectGraphs":true,"m_FxEnabled":true},"in2DMode":false,"pivot":{"x":-28.115013122558595,"y":33.24410629272461,"z":-244.55914306640626},"rotation":{"x":-0.006466633174568415,"y":0.9888453483581543,"z":-0.1447419375181198,"w":-0.048966843634843829},"size":18.219348907470704,"orthographic":false}