{"cameraMode":{"drawMode":0,"name":"Shaded","section":"Shading Mode"},"sceneLighting":true,"audioPlay":false,"sceneViewState":{"showFog":true,"showMaterialUpdate":false,"showSkybox":true,"showFlares":true,"showImageEffects":true,"showParticleSystems":true,"showVisualEffectGraphs":true,"m_FxEnabled":true},"in2DMode":false,"pivot":{"x":-53.217063903808597,"y":116.42823791503906,"z":-175.81568908691407},"rotation":{"x":0.004427108447998762,"y":-0.9933028221130371,"z":0.09358569979667664,"w":0.07822474092245102},"size":34.401817321777347,"orthographic":false}