{"cameraMode":{"drawMode":0,"name":"Shaded","section":"Shading Mode"},"sceneLighting":true,"audioPlay":false,"sceneViewState":{"showFog":true,"showMaterialUpdate":false,"showSkybox":true,"showFlares":true,"showImageEffects":true,"showParticleSystems":true,"showVisualEffectGraphs":true,"m_FxEnabled":true},"in2DMode":false,"pivot":{"x":0.3136301040649414,"y":2.624492645263672,"z":-19.202571868896486},"rotation":{"x":-0.019048968330025674,"y":-0.9645419120788574,"z":0.2592163383960724,"w":-0.06069214642047882},"size":27.942171096801759,"orthographic":false}