{"cameraMode":{"drawMode":0,"name":"Shaded","section":"Shading Mode"},"sceneLighting":true,"audioPlay":false,"sceneViewState":{"showFog":true,"showMaterialUpdate":false,"showSkybox":true,"showFlares":true,"showImageEffects":true,"showParticleSystems":true,"showVisualEffectGraphs":true,"m_FxEnabled":true},"in2DMode":false,"pivot":{"x":34.099998474121097,"y":46.16659927368164,"z":-52.81205368041992},"rotation":{"x":0.010223005898296833,"y":0.9475044012069702,"z":0.02367923967540264,"w":-0.32096797227859499},"size":5.487500190734863,"orthographic":false}