{"cameraMode":{"drawMode":0,"name":"Shaded","section":"Shading Mode"},"sceneLighting":true,"audioPlay":false,"sceneViewState":{"showFog":true,"showMaterialUpdate":false,"showSkybox":true,"showFlares":true,"showImageEffects":true,"showParticleSystems":true,"showVisualEffectGraphs":true,"m_FxEnabled":true},"in2DMode":false,"pivot":{"x":65.55549621582031,"y":324.57879638671877,"z":-0.09027862548828125},"rotation":{"x":0.026385696604847909,"y":0.17697808146476746,"z":-0.0014728727983310819,"w":0.9847668409347534},"size":9.271597862243653,"orthographic":false}