{"cameraMode":{"drawMode":0,"name":"Shaded","section":"Shading Mode"},"sceneLighting":true,"audioPlay":false,"sceneViewState":{"showFog":true,"showMaterialUpdate":false,"showSkybox":true,"showFlares":true,"showImageEffects":true,"showParticleSystems":true,"showVisualEffectGraphs":true,"m_FxEnabled":true},"in2DMode":false,"pivot":{"x":-43.520748138427737,"y":48.224761962890628,"z":-217.9813232421875},"rotation":{"x":-0.026093197986483575,"y":-0.9596918821334839,"z":-0.0807017907500267,"w":0.27097564935684206},"size":21.978370666503908,"orthographic":false}